tAkaike,12345
tAkashi,12345
tAnjo,12345
tAnjoKids,12345
tAquawalk,12345
tAratama,12345
tChikusa,12345
teach1,teach1
teach10,teach10
teach100,teach100
teach101,teach101
teach102,teach102
teach103,teach103
teach104,teach104
teach105,teach105
teach106,teach106
teach107,teach107
teach108,teach108
teach109,teach109
teach11,teach11
teach110,teach110
teach111,teach111
teach112,teach112
teach113,teach113
teach114,teach114
teach115,teach115
teach116,teach116
teach117,teach117
teach118,teach118
teach119,teach119
teach12,teach12
teach120,teach120
teach121,teach121
teach122,teach122
teach123,teach123
teach13,teach13
teach14,teach14
teach15,teach15
teach16,teach16
teach17,teach17
teach18,teach18
teach19,teach19
teach2,teach2
teach20,teach20
teach21,teach21
teach22,teach22
teach23,teach23
teach24,teach24
teach25,teach25
teach26,teach26
teach27,teach27
teach28,teach28
teach29,teach29
teach3,teach3
teach30,teach30
teach31,teach31
teach32,teach32
teach33,teach33
teach34,teach34
teach35,teach35
teach36,teach36
teach37,teach37
teach38,teach38
teach39,teach39
teach4,teach4
teach40,teach40
teach41,teach41
teach42,teach42
teach43,teach43
teach44,teach44
teach45,teach45
teach46,teach46
teach47,teach47
teach48,teach48
teach49,teach49
teach5,teach5
teach50,teach50
teach51,teach51
teach52,teach52
teach53,teach53
teach54,teach54
teach55,teach55
teach56,teach56
teach57,teach57
teach58,teach58
teach59,teach59
teach6,teach6
teach60,teach60
teach61,teach61
teach62,teach62
teach63,teach63
teach64,teach64
teach65,teach65
teach66,teach66
teach67,teach67
teach68,teach68
teach69,teach69
teach7,teach7
teach70,teach70
teach71,teach71
teach72,teach72
teach73,teach73
teach74,teach74
teach75,teach75
teach76,teach76
teach77,teach77
teach78,teach78
teach79,teach79
teach8,teach8
teach80,teach80
teach81,teach81
teach82,teach82
teach83,teach83
teach84,teach84
teach85,teach85
teach86,teach86
teach87,teach87
teach88,teach88
teach89,teach89
teach9,teach9
teach90,teach90
teach91,teach91
teach92,teach92
teach93,teach93
teach94,teach94
teach95,teach95
teach96,teach96
teach97,teach97
teach98,teach98
teach99,teach99