Basic 1 2012,Meet A Rock Star,Meet Me!,5
Basic 1 2012,At The Restaurant,New Mexican Restaurant,5
Basic 3,Eating Out,Pearl's Party Service,6
Basic 1 2012,About People,Monaco,6
Basic 1 2012,About People,Spelling Changes,6
First Discoveries,Introduction,Greetings,5
Basic 2,Getting Help,Help,5
Basic 3,Making Excuses,Family,6
First Discoveries,Unit 1 - About Me,I'm Tom Smith,6
First Discoveries,Unit 1 - About Me,Numbers: 21-29,6
First Discoveries,Unit 2 - Supermarket Shopping,Cash or Credit?,6
Basic 1,Meet A Rock Star,Maxi's Room,5
Advanced 1,Life In The City,Adams Murder Mystery Update,7
Advanced 1,Life In The City,How Awful!,6
Advanced 1,Dangerous Sports,What Happened?,6
Advanced 1,Complaints,Expensive Boutique,6
First Discoveries,Unit 3 - My Day,What Do You Do?,6
Basic 1 2012,About People,Studies,6
Intermediate 2,Instructions,Forecast,1
Intermediate 2,Instructions,Flight Information,1
Basic 2,Interesting People,Do It!,1
Advanced 3,Exceptional Women,Mystery Girl,1
Advanced 1,Complaints,Complaint,1
Basic 2,Healthy Eating,Food,1
